{
  "episode_rewards": [
    -80.18981820359416,
    -199.75765426512532,
    -74.80233566643787
  ],
  "episode_lengths": [
    33,
    185,
    37
  ],
  "success_rate": [
    0.0,
    0.0,
    0.0
  ],
  "losses": [
    {
      "loss": 17.863832473754883,
      "actor_loss": -0.007891271263360977,
      "critic_loss": 35.80020523071289,
      "entropy": 2.837877035140991
    },
    {
      "loss": 29.350067138671875,
      "actor_loss": -0.011262267827987671,
      "critic_loss": 58.7794189453125,
      "entropy": 2.8378772735595703
    }
  ],
  "steps": [
    33,
    218,
    255
  ]
}