{
  "episode_rewards": [
    -96.87579139894862,
    -79.1902291961687,
    -64.11120034482141,
    -89.40524211479254
  ],
  "episode_lengths": [
    62,
    77,
    39,
    93
  ],
  "success_rate": [
    0.0,
    0.0,
    0.0,
    0.0
  ],
  "losses": [
    {
      "loss": 0.8416064977645874
    },
    {
      "loss": 0.38893160223960876
    },
    {
      "loss": 0.7754853367805481
    }
  ],
  "steps": [
    62,
    139,
    178,
    271
  ]
}