{
  "episode_rewards": [
    -146.40044742390427,
    -79.95612603838558,
    -61.99723479976998,
    -80.73324900409911
  ],
  "episode_lengths": [
    112,
    31,
    29,
    82
  ],
  "success_rate": [
    0.0,
    0.0,
    0.0,
    0.0
  ],
  "losses": [],
  "steps": [
    112,
    143,
    172,
    254
  ]
}